#decomposeParDict,method,fvSolution,solveBatch,log,Build,Date,Time,nNodes,nProcs,CoMean,CoMax,UxInitRes,UxFinalRes,UxNoIter,UyInitRes,UyFinalRes,UyNoIter,UzInitRes,UzFinalRes,UzNoIter,p0InitRes,p0FinalRes,p0NoIter,p1InitRes,p1FinalRes,p1NoIter,contErrSumLocal0,contErrGlobal0,contErrCum0,contErrSumLocal1,contErrGlobal1,contErrCum1,Steps,ClockTimeFirstStep,ClockTimeNextToLastStep,ClockTimeLastStep,ExecutionTimeFirstStep,ExecutionTimeNextToLastStep,ExecutionTimeLastStep,ClockTimePerStepWOLastStep,ClockTimePerStep,ExecutionTimePerStepWOLastStep,ExecutionTimePerStep
mpi_00032-method_scotch,scotch,PCGCG-FDIC,n32-4.1IAR-system-Icc16_0_4_258-Opt-INTELMPI5_1_3_258,log.pimpleFoam.No1,4.1IAR,Nov 20 2017,16:01:49,1,32,0.454205,0.458645,0.016723,6.48485e-06,2,0.120584,2.06513e-06,5,0.130541,5.28604e-07,5,0.838641,0.0405394,37,0.837688,9.74908e-07,980,6.40537e-10,-3.12103e-20,-6.43637e-20,1.58767e-14,-4.48916e-20,-1.09255e-19,10,44,646,726,41.48,643.36,723.19,75.25,75.7778,75.235,75.7456
mpi_00032-method_scotch,scotch,PCGCG-FDIC,n32-4.1IAR-system-Icc17_0_2_174-Opt-MPIMVAPICH2_2_2,log.pimpleFoam.No1,4.1IAR,Nov 20 2017,16:05:13,1,32,0.454205,0.458645,0.016723,6.48485e-06,2,0.120584,2.06513e-06,5,0.130541,5.28604e-07,5,0.838641,0.0405394,37,0.837688,9.69825e-07,980,6.40537e-10,-3.37265e-20,-1.74286e-20,1.57939e-14,-3.64209e-20,-5.38495e-20,10,45,656,736,42.16,652.42,733.34,76.375,76.7778,76.2825,76.7978
mpi_00032-method_scotch,scotch,PCGCG-FDIC,n32-4.1IAR-system-Icc17_0_4_196-Opt-INTELMPI2017_3_196,log.pimpleFoam.No1,4.1IAR,Nov 20 2017,16:05:57,1,32,0.454205,0.458645,0.016723,6.48485e-06,2,0.120584,2.06513e-06,5,0.130541,5.28604e-07,5,0.838641,0.0405394,37,0.837688,9.71307e-07,980,6.40537e-10,-4.85641e-20,-8.2568e-20,1.58181e-14,-4.23618e-20,-1.2493e-19,10,44,646,725,41.54,642.64,722.27,75.25,75.6667,75.1375,75.6367
mpi_00032-method_scotch,scotch,PCG-FDIC,n32-4.1IAR-system-Icc16_0_4_258-Opt-INTELMPI5_1_3_258,log.pimpleFoam.No1,4.1IAR,Nov 20 2017,15:47:04,1,32,0.454205,0.458645,0.016723,6.48485e-06,2,0.120584,2.06513e-06,5,0.130541,5.28604e-07,5,0.838641,0.0405394,37,0.837688,9.69689e-07,980,6.40537e-10,-4.38218e-20,-9.25815e-20,1.57917e-14,-4.56109e-20,-1.38192e-19,10,43,632,710,40.68,628.83,706.69,73.625,74.1111,73.5188,74.0011
mpi_00032-method_scotch,scotch,PCG-FDIC,n32-4.1IAR-system-Icc17_0_2_174-Opt-MPIMVAPICH2_2_2,log.pimpleFoam.No1,4.1IAR,Nov 20 2017,16:44:41,1,32,0.454205,0.458645,0.016723,6.48485e-06,2,0.120584,2.06513e-06,5,0.130541,5.28604e-07,5,0.838641,0.0405394,37,0.837688,9.74009e-07,980,6.40537e-10,-4.18319e-20,-1.17875e-19,1.5862e-14,-4.83771e-20,-1.66253e-19,10,43,641,721,40.72,639.31,718.84,74.75,75.3333,74.8237,75.3467
mpi_00032-method_scotch,scotch,PCG-FDIC,n32-4.1IAR-system-Icc17_0_4_196-Opt-INTELMPI2017_3_196,log.pimpleFoam.No1,4.1IAR,Nov 20 2017,15:48:53,1,32,0.454205,0.458645,0.016723,6.48485e-06,2,0.120584,2.06513e-06,5,0.130541,5.28604e-07,5,0.838641,0.0405394,37,0.837688,9.70649e-07,980,6.40537e-10,-4.2657e-20,-1.06298e-19,1.58073e-14,-4.4978e-20,-1.51276e-19,10,43,630,708,40.44,627.12,704.94,73.375,73.8889,73.335,73.8333
mpi_00032-method_scotch,scotch,PPCG-FDIC,n32-4.1IAR-system-Icc16_0_4_258-Opt-INTELMPI5_1_3_258,log.pimpleFoam.No1,4.1IAR,Nov 20 2017,15:49:56,1,32,0.454205,0.458645,0.016723,6.48485e-06,2,0.120584,2.06513e-06,5,0.130541,5.28604e-07,5,0.838641,0.0405394,37,0.837688,9.85065e-07,980,6.40537e-10,-3.3689e-20,-2.18185e-20,1.62593e-14,-3.37788e-20,-5.55973e-20,10,49,752,845,47.48,749.71,842.85,87.875,88.4444,87.7788,88.3744
mpi_00032-method_scotch,scotch,PPCG-FDIC,n32-4.1IAR-system-Icc17_0_2_174-Opt-MPIMVAPICH2_2_2,log.pimpleFoam.No1,4.1IAR,Nov 20 2017,15:50:26,1,32,0.454205,0.458645,0.016723,6.48485e-06,2,0.120584,2.06513e-06,5,0.130541,5.28604e-07,5,0.838641,0.0405394,37,0.837688,9.84713e-07,980,6.40537e-10,-4.59981e-20,-7.64592e-20,1.62509e-14,-4.85826e-20,-1.25042e-19,10,52,765,860,49.87,762.62,857.21,89.125,89.7778,89.0938,89.7044
mpi_00032-method_scotch,scotch,PPCG-FDIC,n32-4.1IAR-system-Icc17_0_4_196-Opt-INTELMPI2017_3_196,log.pimpleFoam.No1,4.1IAR,Nov 20 2017,15:59:58,1,32,0.454205,0.458645,0.016723,6.48485e-06,2,0.120584,2.06513e-06,5,0.130541,5.28604e-07,5,0.838641,0.0405394,37,0.837688,9.83217e-07,980,6.40537e-10,-5.03192e-20,-1.11795e-19,1.62282e-14,-4.89427e-20,-1.60738e-19,10,51,753,846,47.68,749.7,842.78,87.75,88.3333,87.7525,88.3444
mpi_00064-method_scotch,scotch,PCGCG-FDIC,n32-4.1IAR-system-Icc16_0_4_258-Opt-INTELMPI5_1_3_258,log.pimpleFoam.No1,4.1IAR,Nov 20 2017,16:21:05,2,64,0.454204,0.458643,0.016723,7.01868e-06,2,0.16791,7.56181e-07,5,0.194413,4.97349e-07,5,0.847247,0.042208,36,0.847536,9.95443e-07,507,7.07323e-10,-1.58339e-20,2.08511e-19,1.93403e-14,-1.01602e-20,1.98351e-19,10,24,292,315,21.64,289.58,312.43,33.5,32.3333,33.4925,32.31
mpi_00064-method_scotch,scotch,PCGCG-FDIC,n32-4.1IAR-system-Icc17_0_2_174-Opt-MPIMVAPICH2_2_2,log.pimpleFoam.No1,4.1IAR,Nov 20 2017,16:22:01,2,64,0.454204,0.458643,0.016723,7.01868e-06,2,0.16791,7.56181e-07,5,0.194413,4.97349e-07,5,0.847247,0.0422079,36,0.847536,9.97587e-07,507,7.07321e-10,-7.44638e-21,1.6335e-19,1.93775e-14,-1.40228e-20,1.49328e-19,10,25,323,350,23.15,321.38,347.98,37.25,36.1111,37.2788,36.0922
mpi_00064-method_scotch,scotch,PCGCG-FDIC,n32-4.1IAR-system-Icc17_0_4_196-Opt-INTELMPI2017_3_196,log.pimpleFoam.No1,4.1IAR,Nov 20 2017,16:23:17,2,64,0.454204,0.458643,0.016723,7.01868e-06,2,0.16791,7.56182e-07,5,0.194413,4.97349e-07,5,0.847247,0.0422079,36,0.847536,9.96578e-07,507,7.07322e-10,-1.15009e-20,1.55011e-19,1.936e-14,-1.24864e-20,1.42524e-19,10,24,292,315,21.7,289.13,311.97,33.5,32.3333,33.4288,32.2522
mpi_00064-method_scotch,scotch,PCG-FDIC,n32-4.1IAR-system-Icc16_0_4_258-Opt-INTELMPI5_1_3_258,log.pimpleFoam.No1,4.1IAR,Nov 20 2017,16:44:41,2,64,0.454204,0.458643,0.016723,7.01868e-06,2,0.16791,7.56181e-07,5,0.194413,4.97349e-07,5,0.847247,0.042208,36,0.847536,9.94479e-07,507,7.07324e-10,-1.46244e-20,1.46862e-19,1.93236e-14,-7.40516e-21,1.39456e-19,10,23,284,306,20.85,280.98,303.22,32.625,31.4444,32.5162,31.3744
mpi_00064-method_scotch,scotch,PCG-FDIC,n32-4.1IAR-system-Icc17_0_2_174-Opt-MPIMVAPICH2_2_2,log.pimpleFoam.No1,4.1IAR,Nov 20 2017,16:15:15,2,64,0.454204,0.458643,0.016723,7.01868e-06,2,0.16791,7.56181e-07,5,0.194413,4.97349e-07,5,0.847247,0.0422079,36,0.847536,9.97551e-07,507,7.07323e-10,-1.03647e-20,2.0225e-19,1.93768e-14,-9.43651e-21,1.92813e-19,10,25,309,333,22.57,305.73,329.7,35.5,34.2222,35.395,34.1256
mpi_00064-method_scotch,scotch,PCG-FDIC,n32-4.1IAR-system-Icc17_0_4_196-Opt-INTELMPI2017_3_196,log.pimpleFoam.No1,4.1IAR,Nov 20 2017,16:47:35,2,64,0.454204,0.458643,0.016723,7.01868e-06,2,0.16791,7.56181e-07,5,0.194413,4.97349e-07,5,0.847247,0.042208,36,0.847536,9.9741e-07,507,7.07324e-10,-1.05179e-20,2.09259e-19,1.93743e-14,-1.58995e-20,1.93359e-19,10,23,283,305,20.97,280.44,302.6,32.5,31.3333,32.4338,31.2922
mpi_00064-method_scotch,scotch,PPCG-FDIC,n32-4.1IAR-system-Icc16_0_4_258-Opt-INTELMPI5_1_3_258,log.pimpleFoam.No1,4.1IAR,Nov 20 2017,16:50:17,2,64,0.454204,0.458643,0.016723,7.01868e-06,2,0.16791,7.56182e-07,5,0.194413,4.97349e-07,5,0.847247,0.0422077,36,0.847536,9.93428e-07,507,7.07319e-10,-1.72703e-20,1.68812e-19,1.93074e-14,-1.3531e-20,1.55281e-19,10,27,339,365,24.69,335.67,362.09,39,37.5556,38.8725,37.4889
mpi_00064-method_scotch,scotch,PPCG-FDIC,n32-4.1IAR-system-Icc17_0_2_174-Opt-MPIMVAPICH2_2_2,log.pimpleFoam.No1,4.1IAR,Nov 20 2017,16:53:37,2,64,0.454204,0.458643,0.016723,7.01868e-06,2,0.16791,7.56181e-07,5,0.194413,4.97349e-07,5,0.847247,0.0422095,36,0.847536,9.9641e-07,507,7.07349e-10,-1.12414e-20,2.46792e-19,1.93558e-14,-1.09726e-20,2.35819e-19,10,30,371,402,26.76,368.35,399.04,42.625,41.3333,42.6988,41.3644
mpi_00064-method_scotch,scotch,PPCG-FDIC,n32-4.1IAR-system-Icc17_0_4_196-Opt-INTELMPI2017_3_196,log.pimpleFoam.No1,4.1IAR,Nov 20 2017,16:53:30,2,64,0.454204,0.458643,0.016723,7.01868e-06,2,0.16791,7.56181e-07,5,0.194413,4.97349e-07,5,0.847247,0.0422078,36,0.847536,9.97906e-07,507,7.07321e-10,-4.92538e-21,2.08276e-19,1.93865e-14,-7.23535e-21,2.01041e-19,10,27,338,364,24.52,334.82,361.16,38.875,37.4444,38.7875,37.4044
mpi_00128-method_scotch,scotch,PCGCG-FDIC,n32-4.1IAR-system-Icc16_0_4_258-Opt-INTELMPI5_1_3_258,log.pimpleFoam.No1,4.1IAR,Nov 20 2017,16:30:00,4,128,0.454204,0.458642,0.016723,9.33425e-06,2,0.13039,8.23847e-06,4,0.122592,3.97911e-06,4,0.990643,0.0475744,31,0.887703,9.98617e-07,630,9.48659e-10,-3.32963e-20,-3.9155e-19,2.40276e-14,-3.2176e-20,-4.23726e-19,10,21,123,136,19.52,121.17,134.28,12.75,12.7778,12.7063,12.7511
mpi_00128-method_scotch,scotch,PCGCG-FDIC,n32-4.1IAR-system-Icc17_0_2_174-Opt-MPIMVAPICH2_2_2,log.pimpleFoam.No1,4.1IAR,Nov 20 2017,16:31:01,4,128,0.454204,0.458642,0.016723,9.33425e-06,2,0.13039,8.23847e-06,4,0.122592,3.97911e-06,4,0.990643,0.0475744,31,0.887703,9.99832e-07,630,9.48659e-10,-2.43152e-20,-3.63859e-19,2.40548e-14,-2.07016e-20,-3.8456e-19,10,24,147,162,22.61,144.7,160,15.375,15.3333,15.2612,15.2656
mpi_00128-method_scotch,scotch,PCGCG-FDIC,n32-4.1IAR-system-Icc17_0_4_196-Opt-INTELMPI2017_3_196,log.pimpleFoam.No1,4.1IAR,Nov 20 2017,16:33:09,4,128,0.454204,0.458642,0.016723,9.33425e-06,2,0.13039,8.23847e-06,4,0.122592,3.97911e-06,4,0.990643,0.0475744,31,0.887703,9.98294e-07,630,9.48659e-10,-2.93492e-20,-4.14065e-19,2.40204e-14,-2.57797e-20,-4.39845e-19,10,22,123,136,19.69,121.19,134.26,12.625,12.6667,12.6875,12.73
mpi_00128-method_scotch,scotch,PCG-FDIC,n32-4.1IAR-system-Icc16_0_4_258-Opt-INTELMPI5_1_3_258,log.pimpleFoam.No1,4.1IAR,Nov 20 2017,16:58:50,4,128,0.454204,0.458642,0.016723,9.33425e-06,2,0.13039,8.23847e-06,4,0.122592,3.97911e-06,4,0.990643,0.0475744,31,0.887703,9.95654e-07,630,9.48659e-10,-2.16902e-20,-3.87875e-19,2.39612e-14,-2.84664e-20,-4.16341e-19,10,20,117,130,18.22,114.79,127.27,12.125,12.2222,12.0713,12.1167
mpi_00128-method_scotch,scotch,PCG-FDIC,n32-4.1IAR-system-Icc17_0_2_174-Opt-MPIMVAPICH2_2_2,log.pimpleFoam.No1,4.1IAR,Nov 20 2017,16:24:48,4,128,0.454204,0.458642,0.016723,9.33425e-06,2,0.13039,8.23847e-06,4,0.122592,3.97911e-06,4,0.990643,0.0475744,31,0.887703,9.70109e-07,981,9.48659e-10,-2.16596e-20,-3.77865e-19,2.17387e-14,-2.4132e-20,-4.01997e-19,10,23,142,164,21.61,140.6,162.69,14.875,15.6667,14.8737,15.6756
mpi_00128-method_scotch,scotch,PCG-FDIC,n32-4.1IAR-system-Icc17_0_4_196-Opt-INTELMPI2017_3_196,log.pimpleFoam.No1,4.1IAR,Nov 20 2017,17:00:11,4,128,0.454204,0.458642,0.016723,9.33425e-06,2,0.13039,8.23847e-06,4,0.122592,3.97911e-06,4,0.990643,0.0475744,31,0.887703,9.98612e-07,630,9.48659e-10,-2.75423e-20,-4.40413e-19,2.40275e-14,-2.53276e-20,-4.6574e-19,10,21,117,129,18.84,114.92,127.31,12,12,12.01,12.0522
mpi_00128-method_scotch,scotch,PPCG-FDIC,n32-4.1IAR-system-Icc16_0_4_258-Opt-INTELMPI5_1_3_258,log.pimpleFoam.No1,4.1IAR,Nov 20 2017,16:29:35,4,128,0.454204,0.458642,0.016723,9.33425e-06,2,0.13039,8.23847e-06,4,0.122592,3.97911e-06,4,0.990643,0.0475744,31,0.887703,9.66519e-07,981,9.48659e-10,-2.55781e-20,-4.33179e-19,2.18096e-14,-2.32977e-20,-4.56477e-19,10,25,143,166,22.93,141.48,164.17,14.75,15.6667,14.8187,15.6933
mpi_00128-method_scotch,scotch,PPCG-FDIC,n32-4.1IAR-system-Icc17_0_2_174-Opt-MPIMVAPICH2_2_2,log.pimpleFoam.No1,4.1IAR,Nov 20 2017,16:29:47,4,128,0.454204,0.458642,0.016723,9.33425e-06,2,0.13039,8.23847e-06,4,0.122592,3.97911e-06,4,0.990643,0.0475744,31,0.887703,9.9783e-07,630,9.48659e-10,-2.67192e-20,-3.65356e-19,2.401e-14,-2.93248e-20,-3.94681e-19,10,28,167,186,26.14,165.75,184.14,17.375,17.5556,17.4513,17.5556
mpi_00128-method_scotch,scotch,PPCG-FDIC,n32-4.1IAR-system-Icc17_0_4_196-Opt-INTELMPI2017_3_196,log.pimpleFoam.No1,4.1IAR,Nov 20 2017,17:01:20,4,128,0.454204,0.458802,0.016723,9.33426e-06,2,0.33849,7.96187e-06,4,0.347053,5.00351e-06,4,0.684331,0.0340114,15,0.540086,9.85779e-07,508,1.45096e-09,-4.84003e-20,-3.92968e-19,4.30109e-14,-4.15832e-20,-4.34551e-19,10,24,133,145,22.49,131.31,143.74,13.625,13.4444,13.6025,13.4722
mpi_00256-method_scotch,scotch,PCGCG-FDIC,n32-4.1IAR-system-Icc16_0_4_258-Opt-INTELMPI5_1_3_258,log.pimpleFoam.No1,4.1IAR,Nov 20 2017,17:05:22,8,256,0.454206,0.462603,0.0167236,8.36407e-07,3,0.114134,8.15447e-06,4,0.0777602,8.18116e-06,4,0.40921,0.0200887,44,0.0806152,9.73882e-07,1051,3.20371e-09,-2.1255e-20,-2.85382e-19,1.73179e-13,-2.80109e-20,-3.13393e-19,10,11,61,70,10.15,59.87,69.01,6.25,6.55556,6.215,6.54
mpi_00256-method_scotch,scotch,PCGCG-FDIC,n32-4.1IAR-system-Icc17_0_2_174-Opt-MPIMVAPICH2_2_2,log.pimpleFoam.No1,4.1IAR,Nov 20 2017,17:06:50,8,256,0.454204,0.458642,0.016723,8.3597e-07,3,0.12611,8.06582e-06,4,0.118764,3.7098e-06,4,0.748228,0.0339523,9,0.754187,9.9004e-07,445,4.76877e-11,-1.09693e-20,-2.56332e-19,1.54788e-15,-2.16296e-20,-2.77961e-19,10,13,54,59,11.5,52.25,57.46,5.125,5.11111,5.09375,5.10667
mpi_00256-method_scotch,scotch,PCGCG-FDIC,n32-4.1IAR-system-Icc17_0_4_196-Opt-INTELMPI2017_3_196,log.pimpleFoam.No1,4.1IAR,Nov 20 2017,17:07:01,8,256,0.454204,0.458642,0.016723,8.3597e-07,3,0.12611,8.06582e-06,4,0.118764,3.7098e-06,4,0.748228,0.0339523,9,0.754187,9.90619e-07,445,4.76877e-11,-1.95058e-20,-1.88059e-19,1.5487e-15,-1.31232e-20,-2.01182e-19,10,11,44,49,9.84,43.24,47.42,4.125,4.22222,4.175,4.17556
mpi_00256-method_scotch,scotch,PCG-FDIC,n32-4.1IAR-system-Icc16_0_4_258-Opt-INTELMPI5_1_3_258,log.pimpleFoam.No1,4.1IAR,Nov 20 2017,16:33:20,8,256,0.454205,0.460894,0.0167233,8.36142e-07,3,0.119417,7.16136e-06,4,0.0962803,6.28116e-06,4,0.582858,0.0269893,11,0.158361,9.91895e-07,1118,7.04023e-10,5.59236e-21,-1.48773e-19,1.71646e-14,-2.17937e-21,-1.50953e-19,10,10,55,63,9.32,53.92,62.4,5.625,5.88889,5.575,5.89778
mpi_00256-method_scotch,scotch,PCG-FDIC,n32-4.1IAR-system-Icc17_0_2_174-Opt-MPIMVAPICH2_2_2,log.pimpleFoam.No1,4.1IAR,Nov 20 2017,16:33:48,8,256,0.454204,0.458642,0.016723,8.3597e-07,3,0.12611,8.06582e-06,4,0.118764,3.7098e-06,4,0.748228,0.0339523,9,0.754187,9.90363e-07,445,4.76877e-11,-1.2756e-20,-1.4628e-19,1.54834e-15,-2.01314e-20,-1.66412e-19,10,13,51,56,10.79,48.84,53.58,4.75,4.77778,4.75625,4.75444
mpi_00256-method_scotch,scotch,PCG-FDIC,n32-4.1IAR-system-Icc17_0_4_196-Opt-INTELMPI2017_3_196,log.pimpleFoam.No1,4.1IAR,Nov 20 2017,16:34:38,8,256,0.454204,0.458642,0.016723,8.3597e-07,3,0.12611,8.06582e-06,4,0.118764,3.7098e-06,4,0.748228,0.0339523,9,0.754187,9.89279e-07,445,4.76877e-11,-1.95853e-20,-2.04298e-19,1.54679e-15,-1.33468e-20,-2.17645e-19,10,9,40,44,9.06,39.42,43.22,3.875,3.88889,3.795,3.79556
mpi_00256-method_scotch,scotch,PPCG-FDIC,n32-4.1IAR-system-Icc16_0_4_258-Opt-INTELMPI5_1_3_258,log.pimpleFoam.No1,4.1IAR,Nov 24 2017,16:26:02,8,256,0.454204,0.458642,0.016723,8.3597e-07,3,0.12611,8.06582e-06,4,0.118764,3.7098e-06,4,0.748228,0.0339523,9,0.754187,9.9076e-07,445,4.76877e-11,-1.75149e-20,-1.89726e-19,1.54891e-15,-1.61071e-20,-2.05833e-19,10,13,54,59,12.22,52.72,57.81,5.125,5.11111,5.0625,5.06556
mpi_00256-method_scotch,scotch,PPCG-FDIC,n32-4.1IAR-system-Icc17_0_2_174-Opt-MPIMVAPICH2_2_2,log.pimpleFoam.No1,4.1IAR,Nov 20 2017,17:04:42,8,256,0.454204,0.458642,0.016723,8.3597e-07,3,0.12611,8.06582e-06,4,0.118764,3.7098e-06,4,0.748228,0.0339523,9,0.754187,9.90714e-07,445,4.76877e-11,-1.22469e-20,-1.70048e-19,1.54884e-15,-1.44421e-20,-1.8449e-19,10,15,65,71,14.46,64.34,70.47,6.25,6.22222,6.235,6.22333
mpi_00256-method_scotch,scotch,PPCG-FDIC,n32-4.1IAR-system-Icc17_0_4_196-Opt-INTELMPI2017_3_196,log.pimpleFoam.No1,4.1IAR,Nov 20 2017,17:04:43,8,256,0.454204,0.458642,0.016723,8.3597e-07,3,0.12611,8.06582e-06,4,0.118764,3.7098e-06,4,0.748228,0.0339523,9,0.754187,9.88381e-07,445,4.76877e-11,-1.96559e-20,-1.52982e-19,1.54553e-15,-1.45153e-20,-1.67497e-19,10,12,53,58,11.65,52.03,57.11,5.125,5.11111,5.0475,5.05111
mpi_00512-method_scotch,scotch,PCGCG-FDIC,n32-4.1IAR-system-Icc16_0_4_258-Opt-INTELMPI5_1_3_258,log.pimpleFoam.No1,4.1IAR,Nov 20 2017,17:12:10,16,512,0.454204,0.458642,0.016723,8.93756e-07,3,0.127075,8.94776e-06,4,0.118523,4.1473e-06,4,0.757239,0.035605,9,0.763252,9.85651e-07,426,6.05516e-11,-6.33411e-21,-3.76216e-19,1.77948e-15,-1.30411e-21,-3.7752e-19,10,6,20,22,4.83,19.04,20.72,1.75,1.77778,1.77625,1.76556
mpi_00512-method_scotch,scotch,PCGCG-FDIC,n32-4.1IAR-system-Icc17_0_2_174-Opt-MPIMVAPICH2_2_2,log.pimpleFoam.No1,4.1IAR,Nov 20 2017,17:12:16,16,512,0.454204,0.458642,0.016723,8.93756e-07,3,0.127075,8.94776e-06,4,0.118523,4.1473e-06,4,0.757239,0.035605,9,0.763252,9.8556e-07,426,6.05516e-11,-2.92325e-21,-3.55229e-19,1.77932e-15,-3.43253e-21,-3.58661e-19,10,6,23,25,5.26,22.08,24.15,2.125,2.11111,2.1025,2.09889
mpi_00512-method_scotch,scotch,PCGCG-FDIC,n32-4.1IAR-system-Icc17_0_4_196-Opt-INTELMPI2017_3_196,log.pimpleFoam.No1,4.1IAR,Nov 20 2017,17:12:55,16,512,0.454205,0.460981,0.0167244,8.94853e-07,3,0.477644,1.28293e-06,5,0.441741,7.81196e-07,5,0.477909,0.0238539,131,0.119151,9.92365e-07,1192,2.38366e-09,5.46414e-22,-3.75036e-19,8.63718e-14,1.76202e-21,-3.73274e-19,10,5,22,26,4.55,21.03,25.36,2.125,2.33333,2.06,2.31222
mpi_00512-method_scotch,scotch,PCG-FDIC,n32-4.1IAR-system-Icc16_0_4_258-Opt-INTELMPI5_1_3_258,log.pimpleFoam.No1,4.1IAR,Nov 20 2017,17:07:35,16,512,0.454204,0.458642,0.016723,8.93756e-07,3,0.127075,8.94776e-06,4,0.118523,4.1473e-06,4,0.757239,0.035605,9,0.763252,9.86747e-07,426,6.05516e-11,-3.58297e-21,-3.53406e-19,1.78136e-15,-1.3095e-21,-3.54716e-19,10,5,18,20,4.32,17.14,18.65,1.625,1.66667,1.6025,1.59222
mpi_00512-method_scotch,scotch,PCG-FDIC,n32-4.1IAR-system-Icc17_0_2_174-Opt-MPIMVAPICH2_2_2,log.pimpleFoam.No1,4.1IAR,Nov 20 2017,17:08:51,16,512,0.454204,0.458642,0.016723,8.93756e-07,3,0.127075,8.94776e-06,4,0.118523,4.1473e-06,4,0.757239,0.035605,9,0.763252,9.84935e-07,426,6.05516e-11,-9.44265e-21,-4.18012e-19,1.77826e-15,-2.97678e-22,-4.18309e-19,10,6,21,23,5.28,20.25,22.09,1.875,1.88889,1.87125,1.86778
mpi_00512-method_scotch,scotch,PCG-FDIC,n32-4.1IAR-system-Icc17_0_4_196-Opt-INTELMPI2017_3_196,log.pimpleFoam.No1,4.1IAR,Nov 20 2017,17:09:55,16,512,0.454204,0.458642,0.016723,8.93756e-07,3,0.127075,8.94776e-06,4,0.118523,4.1473e-06,4,0.757239,0.035605,9,0.763252,9.85562e-07,426,6.05516e-11,-4.69471e-21,-3.96761e-19,1.77933e-15,-6.79267e-21,-4.03554e-19,10,5,17,19,4.13,16.65,18.12,1.5,1.55556,1.565,1.55444
mpi_00512-method_scotch,scotch,PPCG-FDIC,n32-4.1IAR-system-Icc16_0_4_258-Opt-INTELMPI5_1_3_258,log.pimpleFoam.No1,4.1IAR,Nov 20 2017,17:10:31,16,512,0.454204,0.458642,0.016723,8.93756e-07,3,0.127075,8.94776e-06,4,0.118523,4.1473e-06,4,0.757239,0.035605,9,0.763252,9.85418e-07,426,6.05516e-11,-3.29923e-21,-4.22288e-19,1.77907e-15,-1.98811e-21,-4.24276e-19,10,7,25,27,5.54,23.43,25.54,2.25,2.22222,2.23625,2.22222
mpi_00512-method_scotch,scotch,PPCG-FDIC,n32-4.1IAR-system-Icc17_0_2_174-Opt-MPIMVAPICH2_2_2,log.pimpleFoam.No1,4.1IAR,Nov 20 2017,17:10:37,16,512,0.454204,0.458642,0.016723,8.93756e-07,3,0.127075,8.94776e-06,4,0.118523,4.1473e-06,4,0.757239,0.035605,9,0.763252,9.98966e-07,425,6.05516e-11,-8.79495e-21,-4.14264e-19,1.80233e-15,-9.64779e-21,-4.23912e-19,10,8,30,33,7.45,29.26,31.89,2.75,2.77778,2.72625,2.71556
mpi_00512-method_scotch,scotch,PPCG-FDIC,n32-4.1IAR-system-Icc17_0_4_196-Opt-INTELMPI2017_3_196,log.pimpleFoam.No1,4.1IAR,Nov 20 2017,17:11:24,16,512,0.454204,0.458642,0.016723,8.93756e-07,3,0.127075,8.94776e-06,4,0.118523,4.1473e-06,4,0.757239,0.035605,9,0.763252,9.84452e-07,426,6.05516e-11,-4.91558e-21,-4.09414e-19,1.77743e-15,-1.18368e-20,-4.21251e-19,10,7,24,27,5.99,23.85,25.94,2.125,2.22222,2.2325,2.21667
mpi_01024-method_scotch,scotch,PCGCG-FDIC,n32-4.1IAR-system-Icc16_0_4_258-Opt-INTELMPI5_1_3_258,log.pimpleFoam.No1,4.1IAR,Nov 20 2017,18:00:08,32,1024,0.454204,0.458642,0.016723,9.8639e-07,3,0.127656,9.65875e-06,4,0.118786,5.25959e-06,4,0.76504,0.0361749,10,0.771332,9.97259e-07,441,7.65938e-11,-3.53091e-20,-1.36379e-19,2.31551e-15,-4.25122e-20,-1.78891e-19,10,3,9,10,2.03,7.59,8.25,0.75,0.777778,0.695,0.691111
mpi_01024-method_scotch,scotch,PCGCG-FDIC,n32-4.1IAR-system-Icc17_0_2_174-Opt-MPIMVAPICH2_2_2,log.pimpleFoam.No1,4.1IAR,Nov 20 2017,18:00:03,32,1024,0.454204,0.458642,0.016723,9.8639e-07,3,0.127656,9.65875e-06,4,0.118786,5.25959e-06,4,0.76504,0.0361749,10,0.771332,9.97627e-07,441,7.65938e-11,-3.98956e-20,-1.52434e-19,2.31628e-15,-4.14203e-20,-1.93854e-19,10,4,11,12,2.96,9.24,10.02,0.875,0.888889,0.785,0.784444
mpi_01024-method_scotch,scotch,PCGCG-FDIC,n32-4.1IAR-system-Icc17_0_4_196-Opt-INTELMPI2017_3_196,log.pimpleFoam.No1,4.1IAR,Nov 20 2017,17:01:41,32,1024,0.454204,0.458642,0.016723,9.8639e-07,3,0.127656,9.65875e-06,4,0.118786,5.25959e-06,4,0.76504,0.0361749,10,0.771332,9.97579e-07,441,7.65938e-11,-4.20548e-20,-1.2566e-19,2.31618e-15,-3.72776e-20,-1.62937e-19,10,3,8,9,2.42,7.73,8.36,0.625,0.666667,0.66375,0.66
mpi_01024-method_scotch,scotch,PCG-FDIC,n32-4.1IAR-system-Icc16_0_4_258-Opt-INTELMPI5_1_3_258,log.pimpleFoam.No1,4.1IAR,Nov 20 2017,16:53:28,32,1024,0.454204,0.458642,0.016723,9.8639e-07,3,0.127656,9.65875e-06,4,0.118786,5.25959e-06,4,0.76504,0.0361749,10,0.771332,9.97879e-07,441,7.65938e-11,-4.97628e-20,-2.0537e-19,2.31683e-15,-4.83023e-20,-2.53673e-19,10,3,8,9,2.15,7.11,7.69,0.625,0.666667,0.62,0.615556
mpi_01024-method_scotch,scotch,PCG-FDIC,n32-4.1IAR-system-Icc17_0_2_174-Opt-MPIMVAPICH2_2_2,log.pimpleFoam.No1,4.1IAR,Nov 20 2017,16:55:12,32,1024,0.454204,0.458642,0.016723,9.8639e-07,3,0.127656,9.65875e-06,4,0.118786,5.25959e-06,4,0.76504,0.0361749,10,0.771332,9.96956e-07,441,7.65938e-11,-3.51768e-20,-1.50441e-19,2.31487e-15,-4.05977e-20,-1.91039e-19,10,3,9,10,2.65,8.11,8.74,0.75,0.777778,0.6825,0.676667
mpi_01024-method_scotch,scotch,PCG-FDIC,n32-4.1IAR-system-Icc17_0_4_196-Opt-INTELMPI2017_3_196,log.pimpleFoam.No1,4.1IAR,Nov 20 2017,17:52:20,32,1024,0.454204,0.458642,0.016723,9.8639e-07,3,0.127656,9.65875e-06,4,0.118786,5.25959e-06,4,0.76504,0.0361749,10,0.771332,9.97604e-07,441,7.65938e-11,-3.95646e-20,-1.15884e-19,2.31624e-15,-3.9115e-20,-1.54999e-19,10,3,8,9,1.85,6.34,6.87,0.625,0.666667,0.56125,0.557778
mpi_01024-method_scotch,scotch,PPCG-FDIC,n32-4.1IAR-system-Icc16_0_4_258-Opt-INTELMPI5_1_3_258,log.pimpleFoam.No1,4.1IAR,Nov 20 2017,16:58:03,32,1024,0.454204,0.458642,0.016723,9.8639e-07,3,0.127656,9.65875e-06,4,0.118786,5.25959e-06,4,0.76504,0.0361749,10,0.771332,9.87093e-07,442,7.65938e-11,-4.33063e-20,-1.40847e-19,2.29385e-15,-3.94329e-20,-1.8028e-19,10,3,11,12,2.8,10.32,11.23,1,1,0.94,0.936667
mpi_01024-method_scotch,scotch,PPCG-FDIC,n32-4.1IAR-system-Icc16_0_4_258-Opt-INTELMPI5_1_3_258,log.pimpleFoam.No2,4.1IAR,Nov 20 2017,17:53:50,32,1024,0.454204,0.458642,0.016723,9.8639e-07,3,0.127656,9.65875e-06,4,0.118786,5.25959e-06,4,0.76504,0.0361749,10,0.771332,9.87093e-07,442,7.65938e-11,-4.33063e-20,-1.40847e-19,2.29385e-15,-3.94329e-20,-1.8028e-19,10,4,11,12,2.78,10.31,11.22,0.875,0.888889,0.94125,0.937778
mpi_01024-method_scotch,scotch,PPCG-FDIC,n32-4.1IAR-system-Icc17_0_2_174-Opt-MPIMVAPICH2_2_2,log.pimpleFoam.No1,4.1IAR,Nov 20 2017,17:01:38,32,1024,0.454204,0.458642,0.016723,9.8639e-07,3,0.127656,9.65875e-06,4,0.118786,5.25959e-06,4,0.76504,0.0361749,10,0.771332,9.89048e-07,442,7.65938e-11,-4.3849e-20,-1.94306e-19,2.29804e-15,-4.82016e-20,-2.42507e-19,10,5,13,15,3.61,12.45,13.65,1,1.11111,1.105,1.11556
mpi_01024-method_scotch,scotch,PPCG-FDIC,n32-4.1IAR-system-Icc17_0_4_196-Opt-INTELMPI2017_3_196,log.pimpleFoam.No1,4.1IAR,Nov 20 2017,17:56:46,32,1024,0.454204,0.458642,0.016723,9.8639e-07,3,0.127656,9.65875e-06,4,0.118786,5.25959e-06,4,0.76504,0.0361749,10,0.771332,9.89826e-07,442,7.65938e-11,-3.57932e-20,-1.30561e-19,2.29969e-15,-3.4973e-20,-1.65534e-19,10,4,11,12,2.96,10.58,11.5,0.875,0.888889,0.9525,0.948889
mpi_02048-method_scotch,scotch,PCGCG-FDIC,n32-4.1IAR-system-Icc16_0_4_258-Opt-INTELMPI5_1_3_258,log.pimpleFoam.No1,4.1IAR,Nov 20 2017,17:22:47,64,2048,0.454204,0.458641,0.016723,1.10734e-06,3,0.128384,9.62414e-06,4,0.119648,4.41286e-06,4,0.787704,0.0358329,10,0.793245,9.94749e-07,440,9.18557e-11,-5.6703e-20,-1.29609e-19,2.71743e-15,-5.43793e-20,-1.83988e-19,10,3,7,7,1.81,5.77,6.16,0.5,0.444444,0.495,0.483333
mpi_02048-method_scotch,scotch,PCGCG-FDIC,n32-4.1IAR-system-Icc17_0_2_174-Opt-MPIMVAPICH2_2_2,log.pimpleFoam.No1,4.1IAR,Nov 20 2017,17:24:17,64,2048,0.454204,0.458641,0.016723,1.10734e-06,3,0.128384,9.62414e-06,4,0.119648,4.41286e-06,4,0.787704,0.0358329,10,0.793245,9.94045e-07,440,9.18557e-11,-5.33778e-20,-1.28109e-19,2.71562e-15,-4.14657e-20,-1.69574e-19,10,4,7,7,2.39,5.39,5.71,0.375,0.333333,0.375,0.368889
mpi_02048-method_scotch,scotch,PCGCG-FDIC,n32-4.1IAR-system-Icc17_0_4_196-Opt-INTELMPI2017_3_196,log.pimpleFoam.No1,4.1IAR,Nov 20 2017,18:54:41,64,2048,0.454204,0.458641,0.016723,1.10734e-06,3,0.128384,9.62414e-06,4,0.119648,4.41286e-06,4,0.787704,0.0358329,10,0.793245,9.94739e-07,440,9.18557e-11,-5.49346e-20,-1.24906e-19,2.71741e-15,-5.84061e-20,-1.83312e-19,10,3,6,6,1.54,4.19,4.46,0.375,0.333333,0.33125,0.324444
mpi_02048-method_scotch,scotch,PCG-FDIC,n32-4.1IAR-system-Icc16_0_4_258-Opt-INTELMPI5_1_3_258,log.pimpleFoam.No1,4.1IAR,Nov 20 2017,17:14:13,64,2048,0.454204,0.458641,0.016723,1.10734e-06,3,0.128384,9.62414e-06,4,0.119648,4.41286e-06,4,0.787704,0.0358329,10,0.793245,9.93845e-07,440,9.18557e-11,-4.98377e-20,-1.76358e-19,2.7151e-15,-4.80808e-20,-2.24439e-19,10,3,7,7,1.76,5.68,6.06,0.5,0.444444,0.49,0.477778
mpi_02048-method_scotch,scotch,PCG-FDIC,n32-4.1IAR-system-Icc16_0_4_258-Opt-INTELMPI5_1_3_258,log.pimpleFoam.No2,4.1IAR,Nov 20 2017,18:05:27,64,2048,0.454204,0.458641,0.016723,1.10734e-06,3,0.128384,9.62414e-06,4,0.119648,4.41286e-06,4,0.787704,0.0358329,10,0.793245,9.93845e-07,440,9.18557e-11,-4.98377e-20,-1.76358e-19,2.7151e-15,-4.80808e-20,-2.24439e-19,10,4,8,8,1.92,5.82,6.2,0.5,0.444444,0.4875,0.475556
mpi_02048-method_scotch,scotch,PCG-FDIC,n32-4.1IAR-system-Icc17_0_2_174-Opt-MPIMVAPICH2_2_2,log.pimpleFoam.No1,4.1IAR,Nov 20 2017,18:11:19,64,2048,0.454204,0.458641,0.016723,1.10734e-06,3,0.128384,9.62414e-06,4,0.119648,4.41286e-06,4,0.787704,0.0358329,10,0.793245,9.9572e-07,440,9.18557e-11,-5.2156e-20,-1.5952e-19,2.71995e-15,-5.61417e-20,-2.15662e-19,10,4,7,7,2.51,5.62,5.92,0.375,0.333333,0.38875,0.378889
mpi_02048-method_scotch,scotch,PCG-FDIC,n32-4.1IAR-system-Icc17_0_4_196-Opt-INTELMPI2017_3_196,log.pimpleFoam.No1,4.1IAR,Nov 20 2017,18:49:46,64,2048,0.454204,0.458641,0.016723,1.10734e-06,3,0.128384,9.62414e-06,4,0.119648,4.41286e-06,4,0.787704,0.0358329,10,0.793245,9.93846e-07,440,9.18557e-11,-5.51084e-20,-1.79213e-19,2.71511e-15,-4.86904e-20,-2.27903e-19,10,2,5,5,1.46,4.19,4.45,0.375,0.333333,0.34125,0.332222
mpi_02048-method_scotch,scotch,PPCG-FDIC,n32-4.1IAR-system-Icc16_0_4_258-Opt-INTELMPI5_1_3_258,log.pimpleFoam.No1,4.1IAR,Nov 20 2017,17:17:54,64,2048,0.454204,0.458641,0.016723,1.10734e-06,3,0.128384,9.62414e-06,4,0.119648,4.41286e-06,4,0.787704,0.0358329,10,0.793245,9.89383e-07,440,9.18557e-11,-5.66683e-20,-9.65105e-20,2.70371e-15,-5.54213e-20,-1.51932e-19,10,3,7,7,1.59,5.3,5.66,0.5,0.444444,0.46375,0.452222
mpi_02048-method_scotch,scotch,PPCG-FDIC,n32-4.1IAR-system-Icc17_0_2_174-Opt-MPIMVAPICH2_2_2,log.pimpleFoam.No1,4.1IAR,Nov 20 2017,17:19:24,64,2048,0.454204,0.458641,0.016723,1.10734e-06,3,0.128384,9.62414e-06,4,0.119648,4.41286e-06,4,0.787704,0.0358329,10,0.793245,9.87929e-07,440,9.18557e-11,-4.93282e-20,-1.511e-19,2.6999e-15,-5.3381e-20,-2.04481e-19,10,4,7,8,2.72,6.18,6.51,0.375,0.444444,0.4325,0.421111
mpi_02048-method_scotch,scotch,PPCG-FDIC,n32-4.1IAR-system-Icc17_0_4_196-Opt-INTELMPI2017_3_196,log.pimpleFoam.No1,4.1IAR,Nov 20 2017,17:21:02,64,2048,0.454204,0.458641,0.016723,1.10734e-06,3,0.128384,9.62414e-06,4,0.119648,4.41286e-06,4,0.787704,0.0358329,10,0.793245,9.89092e-07,440,9.18557e-11,-6.05776e-20,-1.43576e-19,2.70295e-15,-6.57908e-20,-2.09367e-19,10,4,7,8,1.75,5.36,5.72,0.375,0.444444,0.45125,0.441111
mpi_04096-method_scotch,scotch,PCGCG-FDIC,n32-4.1IAR-system-Icc16_0_4_258-Opt-INTELMPI5_1_3_258,log.pimpleFoam.No1,4.1IAR,Nov 22 2017,05:17:01,128,4096,0.454204,0.458641,0.016723,1.27232e-06,3,0.129058,9.95759e-06,4,0.120075,4.4915e-06,4,0.795808,0.0370507,10,0.800683,9.84503e-07,466,1.18202e-10,-6.50125e-20,-2.31344e-19,3.2875e-15,-6.22166e-20,-2.9356e-19,10,5,7,7,2.61,4.5,4.69,0.25,0.222222,0.23625,0.231111
mpi_04096-method_scotch,scotch,PCGCG-FDIC,n32-4.1IAR-system-Icc17_0_2_174-Opt-MPIMVAPICH2_2_2,log.pimpleFoam.No1,4.1IAR,Nov 22 2017,05:16:29,128,4096,0.454204,0.458641,0.016723,1.27232e-06,3,0.129058,9.95759e-06,4,0.120075,4.4915e-06,4,0.795808,0.0370507,10,0.800683,9.9955e-07,465,1.18203e-10,-5.33217e-20,-1.37855e-19,3.33569e-15,-5.22944e-20,-1.90149e-19,10,5,7,8,3.6,5.57,5.77,0.25,0.333333,0.24625,0.241111
mpi_04096-method_scotch,scotch,PCGCG-FDIC,n32-4.1IAR-system-Icc17_0_4_196-Opt-INTELMPI2017_3_196,log.pimpleFoam.No1,4.1IAR,Nov 22 2017,05:18:46,128,4096,0.454204,0.458641,0.016723,1.27232e-06,3,0.129058,9.95759e-06,4,0.120075,4.4915e-06,4,0.795808,0.0370507,10,0.800683,9.99863e-07,465,1.18202e-10,-6.89707e-20,-2.28909e-19,3.33669e-15,-6.28025e-20,-2.91711e-19,10,4,6,6,2.47,4.22,4.39,0.25,0.222222,0.21875,0.213333
mpi_04096-method_scotch,scotch,PCG-FDIC,n32-4.1IAR-system-Icc16_0_4_258-Opt-INTELMPI5_1_3_258,log.pimpleFoam.No1,4.1IAR,Nov 22 2017,05:13:07,128,4096,0.454204,0.458641,0.016723,1.27232e-06,3,0.129058,9.95759e-06,4,0.120075,4.4915e-06,4,0.795808,0.0370507,10,0.800683,9.99775e-07,465,1.18203e-10,-6.28455e-20,-2.10641e-19,3.33642e-15,-5.67962e-20,-2.67437e-19,10,3,6,6,1.94,3.92,4.11,0.375,0.333333,0.2475,0.241111
mpi_04096-method_scotch,scotch,PCG-FDIC,n32-4.1IAR-system-Icc17_0_2_174-Opt-MPIMVAPICH2_2_2,log.pimpleFoam.No1,4.1IAR,Nov 21 2017,23:19:57,128,4096,0.454204,0.458641,0.016723,1.27232e-06,3,0.129058,9.95759e-06,4,0.120075,4.4915e-06,4,0.795808,0.0370507,10,0.800683,9.97379e-07,465,1.18202e-10,-5.77699e-20,-2.59814e-19,3.32875e-15,-5.65909e-20,-3.16404e-19,10,7,9,10,5.33,7.3,7.52,0.25,0.333333,0.24625,0.243333
mpi_04096-method_scotch,scotch,PCG-FDIC,n32-4.1IAR-system-Icc17_0_4_196-Opt-INTELMPI2017_3_196,log.pimpleFoam.No1,4.1IAR,Nov 21 2017,23:27:46,128,4096,0.454204,0.458641,0.016723,1.27232e-06,3,0.129058,9.95759e-06,4,0.120075,4.4915e-06,4,0.795808,0.0370507,10,0.800683,9.84277e-07,466,1.18202e-10,-6.25727e-20,-2.47621e-19,3.28678e-15,-5.8358e-20,-3.05979e-19,10,3,5,5,1.67,3.39,3.56,0.25,0.222222,0.215,0.21
mpi_04096-method_scotch,scotch,PPCG-FDIC,n32-4.1IAR-system-Icc16_0_4_258-Opt-INTELMPI5_1_3_258,log.pimpleFoam.No1,4.1IAR,Nov 21 2017,23:39:44,128,4096,0.454204,0.458641,0.016723,1.27232e-06,3,0.129058,9.95759e-06,4,0.120075,4.4915e-06,4,0.795808,0.0370506,10,0.800683,9.85371e-07,466,1.18202e-10,-6.32001e-20,-1.9675e-19,3.29028e-15,-6.49252e-20,-2.61675e-19,10,4,6,6,1.97,3.85,4.02,0.25,0.222222,0.235,0.227778
mpi_04096-method_scotch,scotch,PPCG-FDIC,n32-4.1IAR-system-Icc16_0_4_258-Opt-INTELMPI5_1_3_258,log.pimpleFoam.No2,4.1IAR,Nov 22 2017,05:14:52,128,4096,0.454204,0.458641,0.016723,1.27232e-06,3,0.129058,9.95759e-06,4,0.120075,4.4915e-06,4,0.795808,0.0370506,10,0.800683,9.85371e-07,466,1.18202e-10,-6.32001e-20,-1.9675e-19,3.29028e-15,-6.49252e-20,-2.61675e-19,10,4,6,6,2.1,3.92,4.09,0.25,0.222222,0.2275,0.221111
mpi_04096-method_scotch,scotch,PPCG-FDIC,n32-4.1IAR-system-Icc17_0_2_174-Opt-MPIMVAPICH2_2_2,log.pimpleFoam.No1,4.1IAR,Nov 22 2017,00:16:16,128,4096,0.454204,0.458641,0.016723,1.27232e-06,3,0.129058,9.95759e-06,4,0.120075,4.4915e-06,4,0.795808,0.0370507,10,0.800683,9.93443e-07,465,1.18203e-10,-5.81565e-20,-2.04926e-19,3.31606e-15,-5.92972e-20,-2.64224e-19,10,7,10,10,4.88,7.16,7.38,0.375,0.333333,0.285,0.277778
mpi_04096-method_scotch,scotch,PPCG-FDIC,n32-4.1IAR-system-Icc17_0_4_196-Opt-INTELMPI2017_3_196,log.pimpleFoam.No1,4.1IAR,Nov 22 2017,00:18:24,128,4096,0.454204,0.458641,0.016723,1.27232e-06,3,0.129058,9.95759e-06,4,0.120075,4.4915e-06,4,0.795808,0.0370507,10,0.800683,9.95692e-07,465,1.18203e-10,-6.49395e-20,-1.85885e-19,3.32329e-15,-6.20561e-20,-2.47941e-19,10,4,6,6,1.88,3.67,3.84,0.25,0.222222,0.22375,0.217778
